outcometype,animaltype,n,prop
Adoption,Cat,4272,0.3836895994251841
Adoption,Dog,6497,0.41660788714331515
Died,Cat,147,0.013202802227411532
Died,Dog,50,0.0032061558191728116
Euthanasia,Cat,710,0.06376863660858631
Euthanasia,Dog,845,0.05418403334402052
Return_to_owner,Cat,500,0.04490749056942698
Return_to_owner,Dog,4286,0.27483167681949344
Transfer,Cat,5505,0.49443147116939107
Transfer,Dog,3917,0.2511702468739981
